group1	group2	p.value
expression	EP300	5.31816411474856e-19
NR3C1	EP300	2.26736875413908e-23
H3K27ac	expression	0.354395003831251
H3K4me1	expression	1
NR3C1	expression	1
NR3C1	H3K27ac	0.0110743796997806
NR3C1	H3K4me1	1
